email,name,surname
graham,chapman@montypython.com,Graham,Chapman
john,cleese@montypython.com,John,Cleese
terry,gilliam@montypython.com,Terry,Gilliam
eric,idle@montypython.com,Eric,Idle
terry,jones@montypython.com,Terry,Jones
michael,palin@montypython.com,Michael,Palin
